id,batch_id,source_table,reference_table,matching_algorithm,matched_data,status,confidence_score,created_at,matching_type
7624589,3b8deb2f-18fa-4bdb-9315-1c3d933e3109,tb_snapwangi_300,tb_snapwangi_300,COMBINED,"{'id_1': 17928, 'id_2': 17927, 'batch_id': '3b8deb2f-18fa-4bdb-9315-1c3d933e3109', 'ambiguous': 0, 'predicted': 1, 'combined_1': 'depot arif terminal arjosari, jalan terusan raden intan, arjosari, kec. blimbing, kota malang, jawa timur 65126', 'combined_2': 'depot alif makmur terminal arjosari, jalan terusan raden intan, arjosari, kec. blimbing, kota malang, jawa timur 65126', 'confidence': 0.9998250603675842, 'faiss_score': 0.9709429740905762, 'fuzzy_score': 96, 'source_table': 'tb_snapwangi_300', 'fuzzy_combined': 96, 'reference_table': 'tb_snapwangi_300', 'is_self_matching': True}",MATCH,0.999825060367584,2025-07-24 03:33:28.199233+00:00,Self Match
7624572,3b8deb2f-18fa-4bdb-9315-1c3d933e3109,tb_snapwangi_300,tb_snapwangi_300,COMBINED,"{'id_1': 17545, 'id_2': 17549, 'batch_id': '3b8deb2f-18fa-4bdb-9315-1c3d933e3109', 'ambiguous': 0, 'predicted': 1, 'combined_1': 'toko bella ps. madyopuro, jl. danau jonge no. 8, madyopuro, kec. kedungkandang, kota malang, jawa timur 65139', 'combined_2': 'toko ""aldo"" ps. madyopuro, jl. danau jonge, madyopuro, kec. kedungkandang, kota malang, jawa timur 65139', 'confidence': 0.9998250603675842, 'faiss_score': 0.9519910216331482, 'fuzzy_score': 94, 'source_table': 'tb_snapwangi_300', 'fuzzy_combined': 94, 'reference_table': 'tb_snapwangi_300', 'is_self_matching': True}",MATCH,0.999825060367584,2025-07-24 03:33:28.163091+00:00,Self Match
7624564,3b8deb2f-18fa-4bdb-9315-1c3d933e3109,tb_snapwangi_300,tb_snapwangi_300,COMBINED,"{'id_1': 17551, 'id_2': 17547, 'batch_id': '3b8deb2f-18fa-4bdb-9315-1c3d933e3109', 'ambiguous': 0, 'predicted': 1, 'combined_1': 'toko chitra ps. madyopuro, jl. danau jonge, madyopuro, kec. kedungkandang, kota malang, jawa timur 65139', 'combined_2': 'toko artomoro ps. madyopuro, jl. danau jonge no.1, madyopuro, kec. kedungkandang, kota malang, jawa timur 65139', 'confidence': 0.9998250603675842, 'faiss_score': 0.8951539993286133, 'fuzzy_score': 92, 'source_table': 'tb_snapwangi_300', 'fuzzy_combined': 92, 'reference_table': 'tb_snapwangi_300', 'is_self_matching': True}",MATCH,0.999825060367584,2025-07-24 03:33:28.146570+00:00,Self Match
7624543,3b8deb2f-18fa-4bdb-9315-1c3d933e3109,tb_snapwangi_300,tb_snapwangi_300,COMBINED,"{'id_1': 16694, 'id_2': 16692, 'batch_id': '3b8deb2f-18fa-4bdb-9315-1c3d933e3109', 'ambiguous': 0, 'predicted': 1, 'combined_1': 'dapur azka merjosari, kec. lowokwaru, kota malang, jawa timur 65144', 'combined_2': 'azha cake merjosari, kec. lowokwaru, kota malang, jawa timur 65144', 'confidence': 0.9998250603675842, 'faiss_score': 0.8666499853134155, 'fuzzy_score': 93, 'source_table': 'tb_snapwangi_300', 'fuzzy_combined': 93, 'reference_table': 'tb_snapwangi_300', 'is_self_matching': True}",MATCH,0.999825060367584,2025-07-24 03:33:28.092927+00:00,Self Match
7624490,3b8deb2f-18fa-4bdb-9315-1c3d933e3109,tb_snapwangi_300,tb_snapwangi_300,COMBINED,"{'id_1': 15429, 'id_2': 15420, 'batch_id': '3b8deb2f-18fa-4bdb-9315-1c3d933e3109', 'ambiguous': 0, 'predicted': 1, 'combined_1': 'tk kartika iv-79 jl. terusan kesatrian no.74, kesatrian, kec. blimbing, kota malang, jawa timur 65121', 'combined_2': 'tk kartika iv-4 jl. terusan kesatrian no.1, kesatrian, kec. blimbing, kota malang, jawa timur 65121', 'confidence': 0.9998250603675842, 'faiss_score': 0.9292600154876709, 'fuzzy_score': 95, 'source_table': 'tb_snapwangi_300', 'fuzzy_combined': 95, 'reference_table': 'tb_snapwangi_300', 'is_self_matching': True}",MATCH,0.999825060367584,2025-07-24 03:33:27.973562+00:00,Self Match
7624485,3b8deb2f-18fa-4bdb-9315-1c3d933e3109,tb_snapwangi_300,tb_snapwangi_300,COMBINED,"{'id_1': 15318, 'id_2': 15322, 'batch_id': '3b8deb2f-18fa-4bdb-9315-1c3d933e3109', 'ambiguous': 0, 'predicted': 1, 'combined_1': 'nasi goreng arema jl. terusan ambarawa no.29, sumbersari, kec. lowokwaru, kota malang, jawa timur 65145', 'combined_2': 'nasi goreng kriwoel jl. terusan ambarawa no.4b, sumbersari, kec. lowokwaru, kota malang, jawa timur 65145', 'confidence': 0.9998250603675842, 'faiss_score': 0.832614004611969, 'fuzzy_score': 91, 'source_table': 'tb_snapwangi_300', 'fuzzy_combined': 91, 'reference_table': 'tb_snapwangi_300', 'is_self_matching': True}",MATCH,0.999825060367584,2025-07-24 03:33:27.963400+00:00,Self Match
7624443,3b8deb2f-18fa-4bdb-9315-1c3d933e3109,tb_snapwangi_300,tb_snapwangi_300,COMBINED,"{'id_1': 15198, 'id_2': 15177, 'batch_id': '3b8deb2f-18fa-4bdb-9315-1c3d933e3109', 'ambiguous': 0, 'predicted': 1, 'combined_1': 'toko dewa jl. teluk cendrawasih no.32, arjosari, kec. blimbing, kota malang, jawa timur 65126', 'combined_2': 'toko ummi jl. teluk cendrawasih no.1, arjosari, kec. blimbing, kota malang, jawa timur 65126', 'confidence': 0.9998250603675842, 'faiss_score': 0.8440880179405212, 'fuzzy_score': 92, 'source_table': 'tb_snapwangi_300', 'fuzzy_combined': 92, 'reference_table': 'tb_snapwangi_300', 'is_self_matching': True}",MATCH,0.999825060367584,2025-07-24 03:33:27.863778+00:00,Self Match
7624399,3b8deb2f-18fa-4bdb-9315-1c3d933e3109,tb_snapwangi_300,tb_snapwangi_300,COMBINED,"{'id_1': 14394, 'id_2': 14393, 'batch_id': '3b8deb2f-18fa-4bdb-9315-1c3d933e3109', 'ambiguous': 0, 'predicted': 1, 'combined_1': 'nr laundry jl. simpang s. kalijaga v no.2, dinoyo, kec. lowokwaru, kota malang, jawa timur 65149', 'combined_2': 'savana laundry jl. simpang s. kalijaga v no.2, dinoyo, kec. lowokwaru, kota malang, jawa timur 65144', 'confidence': 0.9998250603675842, 'faiss_score': 0.8374429941177368, 'fuzzy_score': 95, 'source_table': 'tb_snapwangi_300', 'fuzzy_combined': 95, 'reference_table': 'tb_snapwangi_300', 'is_self_matching': True}",MATCH,0.999825060367584,2025-07-24 03:33:27.775601+00:00,Self Match
7624393,3b8deb2f-18fa-4bdb-9315-1c3d933e3109,tb_snapwangi_300,tb_snapwangi_300,COMBINED,"{'id_1': 14302, 'id_2': 14301, 'batch_id': '3b8deb2f-18fa-4bdb-9315-1c3d933e3109', 'ambiguous': 0, 'predicted': 1, 'combined_1': 'toko prima jaya (kepuh) jl. simpang kepuh utara no.37, bandungrejosari, kec. sukun, kota malang, jawa timur 65148', 'combined_2': 'kost prima jaya jl. simpang kepuh utara no.37, bandungrejosari, kec. sukun, kota malang, jawa timur 65148', 'confidence': 0.9998250603675842, 'faiss_score': 0.8595460057258606, 'fuzzy_score': 94, 'source_table': 'tb_snapwangi_300', 'fuzzy_combined': 94, 'reference_table': 'tb_snapwangi_300', 'is_self_matching': True}",MATCH,0.999825060367584,2025-07-24 03:33:27.761779+00:00,Self Match
7624345,3b8deb2f-18fa-4bdb-9315-1c3d933e3109,tb_snapwangi_300,tb_snapwangi_300,COMBINED,"{'id_1': 13843, 'id_2': 13841, 'batch_id': '3b8deb2f-18fa-4bdb-9315-1c3d933e3109', 'ambiguous': 0, 'predicted': 1, 'combined_1': 'c2 laundry jl. semanggi bar. no.23c, jatimulyo, kec. lowokwaru, kota malang, jawa timur 65141', 'combined_2': 'laundry bar jl. semanggi bar. no.2, jatimulyo, kec. lowokwaru, kota malang, jawa timur 65141', 'confidence': 0.9998250603675842, 'faiss_score': 0.9314489960670471, 'fuzzy_score': 96, 'source_table': 'tb_snapwangi_300', 'fuzzy_combined': 96, 'reference_table': 'tb_snapwangi_300', 'is_self_matching': True}",MATCH,0.999825060367584,2025-07-24 03:33:27.609325+00:00,Self Match
7624332,3b8deb2f-18fa-4bdb-9315-1c3d933e3109,tb_snapwangi_300,tb_snapwangi_300,COMBINED,"{'id_1': 13730, 'id_2': 13719, 'batch_id': '3b8deb2f-18fa-4bdb-9315-1c3d933e3109', 'ambiguous': 0, 'predicted': 1, 'combined_1': 'warung bu safen jl. saxophone no.61, tunggulwulung, kec. lowokwaru, kota malang, jawa timur 65143', 'combined_2': 'warung basmalah jl. saxophone no.21, tunggulwulung, kec. lowokwaru, kota malang, jawa timur 65143', 'confidence': 0.9998250603675842, 'faiss_score': 0.7949010133743286, 'fuzzy_score': 91, 'source_table': 'tb_snapwangi_300', 'fuzzy_combined': 91, 'reference_table': 'tb_snapwangi_300', 'is_self_matching': True}",MATCH,0.999825060367584,2025-07-24 03:33:27.581035+00:00,Self Match
7624323,3b8deb2f-18fa-4bdb-9315-1c3d933e3109,tb_snapwangi_300,tb_snapwangi_300,COMBINED,"{'id_1': 13630, 'id_2': 13608, 'batch_id': '3b8deb2f-18fa-4bdb-9315-1c3d933e3109', 'ambiguous': 0, 'predicted': 1, 'combined_1': 'rika salon jl. satria no.137b, balearjosari, kec. blimbing, kota malang, jawa timur 65126', 'combined_2': ""gab's salon jl. satria bar. no.417, balearjosari, kec. blimbing, kota malang, jawa timur 65126"", 'confidence': 0.9998250603675842, 'faiss_score': 0.7792530059814453, 'fuzzy_score': 91, 'source_table': 'tb_snapwangi_300', 'fuzzy_combined': 91, 'reference_table': 'tb_snapwangi_300', 'is_self_matching': True}",MATCH,0.999825060367584,2025-07-24 03:33:27.561154+00:00,Self Match
7624278,3b8deb2f-18fa-4bdb-9315-1c3d933e3109,tb_snapwangi_300,tb_snapwangi_300,COMBINED,"{'id_1': 13198, 'id_2': 13197, 'batch_id': '3b8deb2f-18fa-4bdb-9315-1c3d933e3109', 'ambiguous': 0, 'predicted': 1, 'combined_1': 'kos putri asri jl. raya tlogomas gg. 15c no.8, tlogomas, kec. lowokwaru, kota malang, jawa timur 65144', 'combined_2': 'kos adinda (khusus putri) jl. raya tlogomas gg. 15c no.18, tlogomas, kec. lowokwaru, kota malang, jawa timur 65144', 'confidence': 0.9998250603675842, 'faiss_score': 0.864512026309967, 'fuzzy_score': 91, 'source_table': 'tb_snapwangi_300', 'fuzzy_combined': 91, 'reference_table': 'tb_snapwangi_300', 'is_self_matching': True}",MATCH,0.999825060367584,2025-07-24 03:33:27.485130+00:00,Self Match
7624254,3b8deb2f-18fa-4bdb-9315-1c3d933e3109,tb_snapwangi_300,tb_snapwangi_300,COMBINED,"{'id_1': 12927, 'id_2': 12926, 'batch_id': '3b8deb2f-18fa-4bdb-9315-1c3d933e3109', 'ambiguous': 0, 'predicted': 1, 'combined_1': 'warung ema jl. raya gadang no.355, gadang, kec. sukun, kota malang, jawa timur 65149', 'combined_2': 'warung kaka jl. raya gadang no.354, gadang, kec. sukun, kota malang, jawa timur 65149', 'confidence': 0.9998250603675842, 'faiss_score': 0.8938909769058228, 'fuzzy_score': 93, 'source_table': 'tb_snapwangi_300', 'fuzzy_combined': 93, 'reference_table': 'tb_snapwangi_300', 'is_self_matching': True}",MATCH,0.999825060367584,2025-07-24 03:33:27.448278+00:00,Self Match
7624236,3b8deb2f-18fa-4bdb-9315-1c3d933e3109,tb_snapwangi_300,tb_snapwangi_300,COMBINED,"{'id_1': 12845, 'id_2': 12857, 'batch_id': '3b8deb2f-18fa-4bdb-9315-1c3d933e3109', 'ambiguous': 0, 'predicted': 1, 'combined_1': 'toko bu suniti jl. raya candi vb no.531, karangbesuki, kec. sukun, kota malang, jawa timur 65146', 'combined_2': 'toko bu tatik jl. raya candi vi a no.5, karangbesuki, kec. sukun, kota malang, jawa timur 65151', 'confidence': 0.9998250603675842, 'faiss_score': 0.7610440254211426, 'fuzzy_score': 91, 'source_table': 'tb_snapwangi_300', 'fuzzy_combined': 91, 'reference_table': 'tb_snapwangi_300', 'is_self_matching': True}",MATCH,0.999825060367584,2025-07-24 03:33:27.407791+00:00,Self Match
7624220,3b8deb2f-18fa-4bdb-9315-1c3d933e3109,tb_snapwangi_300,tb_snapwangi_300,COMBINED,"{'id_1': 14072, 'id_2': 12758, 'batch_id': '3b8deb2f-18fa-4bdb-9315-1c3d933e3109', 'ambiguous': 0, 'predicted': 1, 'combined_1': 'kost putri 27 jl. simp. raya candi 6 no.28, karangbesuki, kec. sukun, kota malang, jawa timur 65149', 'combined_2': 'kost putri 99 jl. raya candi ii no.272, karangbesuki, kec. sukun, kota malang, jawa timur 65146', 'confidence': 0.9998250603675842, 'faiss_score': 0.7565730214118958, 'fuzzy_score': 92, 'source_table': 'tb_snapwangi_300', 'fuzzy_combined': 92, 'reference_table': 'tb_snapwangi_300', 'is_self_matching': True}",MATCH,0.999825060367584,2025-07-24 03:33:27.382805+00:00,Self Match
7624215,3b8deb2f-18fa-4bdb-9315-1c3d933e3109,tb_snapwangi_300,tb_snapwangi_300,COMBINED,"{'id_1': 12718, 'id_2': 12711, 'batch_id': '3b8deb2f-18fa-4bdb-9315-1c3d933e3109', 'ambiguous': 0, 'predicted': 1, 'combined_1': 'toko , ifa jl. rawisari no.68, mulyorejo, kec. sukun, kota malang, jawa timur 65147', 'combined_2': 'toko dona jl. rawisari no.11, mulyorejo, kec. sukun, kota malang, jawa timur 65147', 'confidence': 0.9998250603675842, 'faiss_score': 0.8035669922828674, 'fuzzy_score': 93, 'source_table': 'tb_snapwangi_300', 'fuzzy_combined': 93, 'reference_table': 'tb_snapwangi_300', 'is_self_matching': True}",MATCH,0.999825060367584,2025-07-24 03:33:27.374871+00:00,Self Match
7624146,3b8deb2f-18fa-4bdb-9315-1c3d933e3109,tb_snapwangi_300,tb_snapwangi_300,COMBINED,"{'id_1': 11638, 'id_2': 11637, 'batch_id': '3b8deb2f-18fa-4bdb-9315-1c3d933e3109', 'ambiguous': 0, 'predicted': 1, 'combined_1': 'toko merah jl. mt. haryono no.87 a, dinoyo, kec. lowokwaru, kota malang, jawa timur 65144', 'combined_2': 'toko fanjaya jl. mt. haryono no.87 a, dinoyo, kec. lowokwaru, kota malang, jawa timur 65144', 'confidence': 0.9998250603675842, 'faiss_score': 0.7809079885482788, 'fuzzy_score': 92, 'source_table': 'tb_snapwangi_300', 'fuzzy_combined': 92, 'reference_table': 'tb_snapwangi_300', 'is_self_matching': True}",MATCH,0.999825060367584,2025-07-24 03:33:27.270639+00:00,Self Match
7624127,3b8deb2f-18fa-4bdb-9315-1c3d933e3109,tb_snapwangi_300,tb_snapwangi_300,COMBINED,"{'id_1': 11447, 'id_2': 11448, 'batch_id': '3b8deb2f-18fa-4bdb-9315-1c3d933e3109', 'ambiguous': 0, 'predicted': 1, 'combined_1': 'kos sahabat jl. mertojoyo selatan blk. a no.9a, merjosari, kec. lowokwaru, kota malang, jawa timur 65144', 'combined_2': 'kost hkr jl. mertojoyo selatan blk. a no.a 4, merjosari, kec. lowokwaru, kota malang, jawa timur 65144', 'confidence': 0.9998250603675842, 'faiss_score': 0.8438349962234497, 'fuzzy_score': 92, 'source_table': 'tb_snapwangi_300', 'fuzzy_combined': 92, 'reference_table': 'tb_snapwangi_300', 'is_self_matching': True}",MATCH,0.999825060367584,2025-07-24 03:33:27.241250+00:00,Self Match
7624123,3b8deb2f-18fa-4bdb-9315-1c3d933e3109,tb_snapwangi_300,tb_snapwangi_300,COMBINED,"{'id_1': 11395, 'id_2': 11409, 'batch_id': '3b8deb2f-18fa-4bdb-9315-1c3d933e3109', 'ambiguous': 0, 'predicted': 1, 'combined_1': 'nugi laundry jl. mertojoyo blk. f no.1, merjosari, kec. lowokwaru, kota malang, jawa timur 65144', 'combined_2': 'happy laundry jl. mertojoyo blk. n no.51, merjosari, kec. lowokwaru, kota malang, jawa timur 65144', 'confidence': 0.9998250603675842, 'faiss_score': 0.8910189867019653, 'fuzzy_score': 93, 'source_table': 'tb_snapwangi_300', 'fuzzy_combined': 93, 'reference_table': 'tb_snapwangi_300', 'is_self_matching': True}",MATCH,0.999825060367584,2025-07-24 03:33:27.234412+00:00,Self Match
7624058,3b8deb2f-18fa-4bdb-9315-1c3d933e3109,tb_snapwangi_300,tb_snapwangi_300,COMBINED,"{'id_1': 11105, 'id_2': 11102, 'batch_id': '3b8deb2f-18fa-4bdb-9315-1c3d933e3109', 'ambiguous': 0, 'predicted': 1, 'combined_1': 'toko ""erland"" jl. mayjen sungkono no.21, buring, kec. kedungkandang, kota malang, jawa timur 65137', 'combined_2': 'toko amor jl. mayjen sungkono no.20, buring, kec. kedungkandang, kota malang, jawa timur 65135', 'confidence': 0.9998250603675842, 'faiss_score': 0.8363400101661682, 'fuzzy_score': 91, 'source_table': 'tb_snapwangi_300', 'fuzzy_combined': 91, 'reference_table': 'tb_snapwangi_300', 'is_self_matching': True}",MATCH,0.999825060367584,2025-07-24 03:33:27.128283+00:00,Self Match
7624053,3b8deb2f-18fa-4bdb-9315-1c3d933e3109,tb_snapwangi_300,tb_snapwangi_300,COMBINED,"{'id_1': 11176, 'id_2': 11056, 'batch_id': '3b8deb2f-18fa-4bdb-9315-1c3d933e3109', 'ambiguous': 0, 'predicted': 1, 'combined_1': 'naira olshop jl. mayjend panjaitan gg 18c no.14, penanggungan, kec. klojen, kota malang, jawa timur 65113', 'combined_2': 'navisha olshop jl. mayjen panjaitan gg. 15, penanggungan, kec. klojen, kota malang, jawa timur 65113', 'confidence': 0.9998250603675842, 'faiss_score': 0.7926170229911804, 'fuzzy_score': 93, 'source_table': 'tb_snapwangi_300', 'fuzzy_combined': 93, 'reference_table': 'tb_snapwangi_300', 'is_self_matching': True}",MATCH,0.999825060367584,2025-07-24 03:33:27.120435+00:00,Self Match
7624027,3b8deb2f-18fa-4bdb-9315-1c3d933e3109,tb_snapwangi_300,tb_snapwangi_300,COMBINED,"{'id_1': 10713, 'id_2': 10675, 'batch_id': '3b8deb2f-18fa-4bdb-9315-1c3d933e3109', 'ambiguous': 0, 'predicted': 1, 'combined_1': 'airaf olshop jl. lesanpuro no.gg. 12, lesanpuro, kec. kedungkandang, kota malang, jawa timur 65138', 'combined_2': 'dianaz olshop jl. lesanpuro gg. 1 no.27c, lesanpuro, kec. kedungkandang, kota malang, jawa timur 65138', 'confidence': 0.9998250603675842, 'faiss_score': 0.8775950074195862, 'fuzzy_score': 95, 'source_table': 'tb_snapwangi_300', 'fuzzy_combined': 95, 'reference_table': 'tb_snapwangi_300', 'is_self_matching': True}",MATCH,0.999825060367584,2025-07-24 03:33:27.078114+00:00,Self Match
7624023,3b8deb2f-18fa-4bdb-9315-1c3d933e3109,tb_snapwangi_300,tb_snapwangi_300,COMBINED,"{'id_1': 10553, 'id_2': 10557, 'batch_id': '3b8deb2f-18fa-4bdb-9315-1c3d933e3109', 'ambiguous': 0, 'predicted': 1, 'combined_1': 'toko lancar abadi jl. laksda adi sucipto no.290, pandanwangi, kec. blimbing, kota malang, jawa timur 65126', 'combined_2': 'toko lingkar abadi jl. laksda adi sucipto no.295, pandanwangi, kec. blimbing, kota malang, jawa timur 65125', 'confidence': 0.9998250603675842, 'faiss_score': 0.8594200015068054, 'fuzzy_score': 96, 'source_table': 'tb_snapwangi_300', 'fuzzy_combined': 96, 'reference_table': 'tb_snapwangi_300', 'is_self_matching': True}",MATCH,0.999825060367584,2025-07-24 03:33:27.071811+00:00,Self Match
7624003,3b8deb2f-18fa-4bdb-9315-1c3d933e3109,tb_snapwangi_300,tb_snapwangi_300,COMBINED,"{'id_1': 10426, 'id_2': 10437, 'batch_id': '3b8deb2f-18fa-4bdb-9315-1c3d933e3109', 'ambiguous': 0, 'predicted': 1, 'combined_1': 'toko bahan kue diva jl. kyai tamin no.110a, sukoharjo, kec. klojen, kota malang, jawa timur 65118', 'combined_2': 'intiboga toko bahan kue jl. kyai tamin no.68, sukoharjo, kec. klojen, kota malang, jawa timur 65118', 'confidence': 0.9998250603675842, 'faiss_score': 0.7701299786567688, 'fuzzy_score': 91, 'source_table': 'tb_snapwangi_300', 'fuzzy_combined': 91, 'reference_table': 'tb_snapwangi_300', 'is_self_matching': True}",MATCH,0.999825060367584,2025-07-24 03:33:27.039697+00:00,Self Match
7623997,3b8deb2f-18fa-4bdb-9315-1c3d933e3109,tb_snapwangi_300,tb_snapwangi_300,COMBINED,"{'id_1': 10423, 'id_2': 10424, 'batch_id': '3b8deb2f-18fa-4bdb-9315-1c3d933e3109', 'ambiguous': 0, 'predicted': 1, 'combined_1': 'toko menang jl. kyai tamin no.103c, sukoharjo, kec. klojen, kota malang, jawa timur 65118', 'combined_2': 'toko a26 jl. kyai tamin no.108, sukoharjo, kec. klojen, kota malang, jawa timur 65118', 'confidence': 0.9998250603675842, 'faiss_score': 0.8459320068359375, 'fuzzy_score': 91, 'source_table': 'tb_snapwangi_300', 'fuzzy_combined': 91, 'reference_table': 'tb_snapwangi_300', 'is_self_matching': True}",MATCH,0.999825060367584,2025-07-24 03:33:27.029705+00:00,Self Match
7623988,3b8deb2f-18fa-4bdb-9315-1c3d933e3109,tb_snapwangi_300,tb_snapwangi_300,COMBINED,"{'id_1': 10380, 'id_2': 10395, 'batch_id': '3b8deb2f-18fa-4bdb-9315-1c3d933e3109', 'ambiguous': 0, 'predicted': 1, 'combined_1': 'raisa cell jl. kyai parseh jaya no.44, bumiayu, kec. kedungkandang, kota malang, jawa timur 65135', 'combined_2': 'sodho 3 cell jl. kyai parseh jaya no.9, bumiayu, kec. kedungkandang, kota malang, jawa timur 65135', 'confidence': 0.9998250603675842, 'faiss_score': 0.7894120216369629, 'fuzzy_score': 93, 'source_table': 'tb_snapwangi_300', 'fuzzy_combined': 93, 'reference_table': 'tb_snapwangi_300', 'is_self_matching': True}",MATCH,0.999825060367584,2025-07-24 03:33:27.008262+00:00,Self Match
7623972,3b8deb2f-18fa-4bdb-9315-1c3d933e3109,tb_snapwangi_300,tb_snapwangi_300,COMBINED,"{'id_1': 10355, 'id_2': 10365, 'batch_id': '3b8deb2f-18fa-4bdb-9315-1c3d933e3109', 'ambiguous': 0, 'predicted': 1, 'combined_1': 'fazma foto & toko jl. kyai parseh jaya no.3, bumiayu, kec. kedungkandang, kota malang, jawa timur 65135', 'combined_2': 'toko indah jl. kyai parseh jaya no.39, bumiayu, kec. kedungkandang, kota malang, jawa timur 65135', 'confidence': 0.9998250603675842, 'faiss_score': 0.7443869709968567, 'fuzzy_score': 92, 'source_table': 'tb_snapwangi_300', 'fuzzy_combined': 92, 'reference_table': 'tb_snapwangi_300', 'is_self_matching': True}",MATCH,0.999825060367584,2025-07-24 03:33:26.974900+00:00,Self Match
7623971,3b8deb2f-18fa-4bdb-9315-1c3d933e3109,tb_snapwangi_300,tb_snapwangi_300,COMBINED,"{'id_1': 10372, 'id_2': 10365, 'batch_id': '3b8deb2f-18fa-4bdb-9315-1c3d933e3109', 'ambiguous': 0, 'predicted': 1, 'combined_1': 'toko q&q jaya jl. kyai parseh jaya no.40, bumiayu, kec. kedungkandang, kota malang, jawa timur 65135', 'combined_2': 'toko indah jl. kyai parseh jaya no.39, bumiayu, kec. kedungkandang, kota malang, jawa timur 65135', 'confidence': 0.9998250603675842, 'faiss_score': 0.7623479962348938, 'fuzzy_score': 91, 'source_table': 'tb_snapwangi_300', 'fuzzy_combined': 91, 'reference_table': 'tb_snapwangi_300', 'is_self_matching': True}",MATCH,0.999825060367584,2025-07-24 03:33:26.933480+00:00,Self Match
7623952,3b8deb2f-18fa-4bdb-9315-1c3d933e3109,tb_snapwangi_300,tb_snapwangi_300,COMBINED,"{'id_1': 10262, 'id_2': 10261, 'batch_id': '3b8deb2f-18fa-4bdb-9315-1c3d933e3109', 'ambiguous': 0, 'predicted': 1, 'combined_1': 'toko candra jl. kopral usman no.27, sukoharjo, kec. klojen, kota malang, jawa timur 65118', 'combined_2': 'toko mie guntur jl. kopral usman no.23, sukoharjo, kec. klojen, kota malang, jawa timur 65118', 'confidence': 0.9998250603675842, 'faiss_score': 0.7376180291175842, 'fuzzy_score': 92, 'source_table': 'tb_snapwangi_300', 'fuzzy_combined': 92, 'reference_table': 'tb_snapwangi_300', 'is_self_matching': True}",MATCH,0.999825060367584,2025-07-24 03:33:26.888765+00:00,Self Match
7623918,3b8deb2f-18fa-4bdb-9315-1c3d933e3109,tb_snapwangi_300,tb_snapwangi_300,COMBINED,"{'id_1': 6932, 'id_2': 12808, 'batch_id': '3b8deb2f-18fa-4bdb-9315-1c3d933e3109', 'ambiguous': 0, 'predicted': 1, 'combined_1': 'sdn karangbesuki 3 malang jl. candi vi b no.110, karangbesuki, kec. sukun, kota malang, jawa timur 65146', 'combined_2': 'sdn karangbesuki 2 malang jl. raya candi v a no.389, karangbesuki, kec. sukun, kota malang, jawa timur 65149', 'confidence': 0.9998250603675842, 'faiss_score': 0.7380239963531494, 'fuzzy_score': 92, 'source_table': 'tb_snapwangi_300', 'fuzzy_combined': 92, 'reference_table': 'tb_snapwangi_300', 'is_self_matching': True}",MATCH,0.999825060367584,2025-07-24 03:33:26.836042+00:00,Self Match
7623855,3b8deb2f-18fa-4bdb-9315-1c3d933e3109,tb_snapwangi_300,tb_snapwangi_300,COMBINED,"{'id_1': 9481, 'id_2': 9482, 'batch_id': '3b8deb2f-18fa-4bdb-9315-1c3d933e3109', 'ambiguous': 0, 'predicted': 1, 'combined_1': 'kostan pak bei jl. kembang turi no.57, jatimulyo, kec. lowokwaru, kota malang, jawa timur 65141', 'combined_2': 'kost bu sum jl. kembang turi no.5a, jatimulyo, kec. lowokwaru, kota malang, jawa timur 65141', 'confidence': 0.9998250603675842, 'faiss_score': 0.7432990074157715, 'fuzzy_score': 93, 'source_table': 'tb_snapwangi_300', 'fuzzy_combined': 93, 'reference_table': 'tb_snapwangi_300', 'is_self_matching': True}",MATCH,0.999825060367584,2025-07-24 03:33:26.733693+00:00,Self Match
7623832,3b8deb2f-18fa-4bdb-9315-1c3d933e3109,tb_snapwangi_300,tb_snapwangi_300,COMBINED,"{'id_1': 9097, 'id_2': 9095, 'batch_id': '3b8deb2f-18fa-4bdb-9315-1c3d933e3109', 'ambiguous': 0, 'predicted': 1, 'combined_1': 'kost putri pak min jl. kanjuruhan iv no.10b, tlogomas, kec. lowokwaru, kota malang, jawa timur 65144', 'combined_2': 'kos putri 400k jl. kanjuruhan i no.1, tlogomas, kec. lowokwaru, kota malang, jawa timur 65144', 'confidence': 0.9998250603675842, 'faiss_score': 0.7830460071563721, 'fuzzy_score': 92, 'source_table': 'tb_snapwangi_300', 'fuzzy_combined': 92, 'reference_table': 'tb_snapwangi_300', 'is_self_matching': True}",MATCH,0.999825060367584,2025-07-24 03:33:26.697427+00:00,Self Match
7623787,3b8deb2f-18fa-4bdb-9315-1c3d933e3109,tb_snapwangi_300,tb_snapwangi_300,COMBINED,"{'id_1': 8351, 'id_2': 8350, 'batch_id': '3b8deb2f-18fa-4bdb-9315-1c3d933e3109', 'ambiguous': 0, 'predicted': 1, 'combined_1': 'dion cell jl. ikan tombro, tunjungsekar, kec. lowokwaru, kota malang, jawa timur 65142', 'combined_2': 'sns cafe jl. ikan tombro, tunjungsekar, kec. lowokwaru, kota malang, jawa timur 65125', 'confidence': 0.9998250603675842, 'faiss_score': 0.7311310172080994, 'fuzzy_score': 91, 'source_table': 'tb_snapwangi_300', 'fuzzy_combined': 91, 'reference_table': 'tb_snapwangi_300', 'is_self_matching': True}",MATCH,0.999825060367584,2025-07-24 03:33:26.625001+00:00,Self Match
7623779,3b8deb2f-18fa-4bdb-9315-1c3d933e3109,tb_snapwangi_300,tb_snapwangi_300,COMBINED,"{'id_1': 8172, 'id_2': 8303, 'batch_id': '3b8deb2f-18fa-4bdb-9315-1c3d933e3109', 'ambiguous': 0, 'predicted': 1, 'combined_1': 'sdn tunjungsekar 5 malang jl. ikan mas i no.18, tunjungsekar, kec. lowokwaru, kota malang, jawa timur 65142', 'combined_2': 'sdn tunjungsekar 2 malang jl. ikan tombro no.1, tunjungsekar, kec. lowokwaru, kota malang, jawa timur 65142', 'confidence': 0.9998250603675842, 'faiss_score': 0.8901699781417847, 'fuzzy_score': 92, 'source_table': 'tb_snapwangi_300', 'fuzzy_combined': 92, 'reference_table': 'tb_snapwangi_300', 'is_self_matching': True}",MATCH,0.999825060367584,2025-07-24 03:33:26.609058+00:00,Self Match
7623754,3b8deb2f-18fa-4bdb-9315-1c3d933e3109,tb_snapwangi_300,tb_snapwangi_300,COMBINED,"{'id_1': 8206, 'id_2': 8201, 'batch_id': '3b8deb2f-18fa-4bdb-9315-1c3d933e3109', 'ambiguous': 0, 'predicted': 1, 'combined_1': 'andi salon jl. ikan paus vii no.3, tunjungsekar, kec. lowokwaru, kota malang, jawa timur 65142', 'combined_2': 'salon claudie jl. ikan paus no.3, tunjungsekar, kec. lowokwaru, kota malang, jawa timur 65142', 'confidence': 0.9998250603675842, 'faiss_score': 0.8052579760551453, 'fuzzy_score': 95, 'source_table': 'tb_snapwangi_300', 'fuzzy_combined': 95, 'reference_table': 'tb_snapwangi_300', 'is_self_matching': True}",MATCH,0.999825060367584,2025-07-24 03:33:26.562443+00:00,Self Match
7623689,3b8deb2f-18fa-4bdb-9315-1c3d933e3109,tb_snapwangi_300,tb_snapwangi_300,COMBINED,"{'id_1': 6969, 'id_2': 6965, 'batch_id': '3b8deb2f-18fa-4bdb-9315-1c3d933e3109', 'ambiguous': 0, 'predicted': 1, 'combined_1': 'kost griya cades jl. cengger ayam dalam iii no.5b, tulusrejo, kec. lowokwaru, kota malang, jawa timur 65141', 'combined_2': 'kos griya kita jl. cengger ayam dalam i no.40, tulusrejo, kec. lowokwaru, kota malang, jawa timur 65141', 'confidence': 0.9998250603675842, 'faiss_score': 0.7456700205802917, 'fuzzy_score': 91, 'source_table': 'tb_snapwangi_300', 'fuzzy_combined': 91, 'reference_table': 'tb_snapwangi_300', 'is_self_matching': True}",MATCH,0.999825060367584,2025-07-24 03:33:26.446707+00:00,Self Match
7623679,3b8deb2f-18fa-4bdb-9315-1c3d933e3109,tb_snapwangi_300,tb_snapwangi_300,COMBINED,"{'id_1': 6743, 'id_2': 6742, 'batch_id': '3b8deb2f-18fa-4bdb-9315-1c3d933e3109', 'ambiguous': 0, 'predicted': 1, 'combined_1': 'kost putri candi bima iiia jl. candi bima no.302, mojolangu, kec. lowokwaru, kota malang, jawa timur 65142', 'combined_2': 'kos putra candi bima 1a jl. candi bima no.1a, mojolangu, kec. lowokwaru, kota malang, jawa timur 65142', 'confidence': 0.9998250603675842, 'faiss_score': 0.8102220296859741, 'fuzzy_score': 92, 'source_table': 'tb_snapwangi_300', 'fuzzy_combined': 92, 'reference_table': 'tb_snapwangi_300', 'is_self_matching': True}",MATCH,0.999825060367584,2025-07-24 03:33:26.432482+00:00,Self Match
7623616,3b8deb2f-18fa-4bdb-9315-1c3d933e3109,tb_snapwangi_300,tb_snapwangi_300,COMBINED,"{'id_1': 6240, 'id_2': 6236, 'batch_id': '3b8deb2f-18fa-4bdb-9315-1c3d933e3109', 'ambiguous': 0, 'predicted': 1, 'combined_1': 'warung aluwung 78a jl. brigjend slamet riadi no.78a, oro-oro dowo, kec. klojen, kota malang, jawa timur 65119', 'combined_2': 'warung arema jl. brigjend slamet riadi no.752, oro-oro dowo, kec. klojen, kota malang, jawa timur 65119', 'confidence': 0.9998250603675842, 'faiss_score': 0.8697410225868225, 'fuzzy_score': 92, 'source_table': 'tb_snapwangi_300', 'fuzzy_combined': 92, 'reference_table': 'tb_snapwangi_300', 'is_self_matching': True}",MATCH,0.999825060367584,2025-07-24 03:33:26.340218+00:00,Self Match
7623614,3b8deb2f-18fa-4bdb-9315-1c3d933e3109,tb_snapwangi_300,tb_snapwangi_300,COMBINED,"{'id_1': 6250, 'id_2': 6234, 'batch_id': '3b8deb2f-18fa-4bdb-9315-1c3d933e3109', 'ambiguous': 0, 'predicted': 1, 'combined_1': 'depot dua satu jl. brigjend slamet riadi no.94a, oro-oro dowo, kec. klojen, kota malang, jawa timur 65119', 'combined_2': 'depot samsin jl. brigjend slamet riadi no.45 / 8, oro-oro dowo, kec. klojen, kota malang, jawa timur 65119', 'confidence': 0.9998250603675842, 'faiss_score': 0.8218110203742981, 'fuzzy_score': 91, 'source_table': 'tb_snapwangi_300', 'fuzzy_combined': 91, 'reference_table': 'tb_snapwangi_300', 'is_self_matching': True}",MATCH,0.999825060367584,2025-07-24 03:33:26.336912+00:00,Self Match
7623583,3b8deb2f-18fa-4bdb-9315-1c3d933e3109,tb_snapwangi_300,tb_snapwangi_300,COMBINED,"{'id_1': 5867, 'id_2': 5869, 'batch_id': '3b8deb2f-18fa-4bdb-9315-1c3d933e3109', 'ambiguous': 0, 'predicted': 1, 'combined_1': 'kost putra nawangan 15 jl. bend. nawangan no.15, sumbersari, kec. lowokwaru, kota malang, jawa timur 65145', 'combined_2': 'kos putri nawangan 16 jl. bend. nawangan no.16, sumbersari, kec. lowokwaru, kota malang, jawa timur 65145', 'confidence': 0.9998250603675842, 'faiss_score': 0.8081880211830139, 'fuzzy_score': 96, 'source_table': 'tb_snapwangi_300', 'fuzzy_combined': 96, 'reference_table': 'tb_snapwangi_300', 'is_self_matching': True}",MATCH,0.999825060367584,2025-07-24 03:33:26.278053+00:00,Self Match
7623577,3b8deb2f-18fa-4bdb-9315-1c3d933e3109,tb_snapwangi_300,tb_snapwangi_300,COMBINED,"{'id_1': 5832, 'id_2': 5835, 'batch_id': '3b8deb2f-18fa-4bdb-9315-1c3d933e3109', 'ambiguous': 0, 'predicted': 1, 'combined_1': 'kedai 25 jl. belakang rsu no.12a, klojen, kec. klojen, kota malang, jawa timur 65111', 'combined_2': 'kedai kemuning jl. belakang rsu no.27, klojen, kec. klojen, kota malang, jawa timur 65111', 'confidence': 0.9998250603675842, 'faiss_score': 0.8508409857749939, 'fuzzy_score': 91, 'source_table': 'tb_snapwangi_300', 'fuzzy_combined': 91, 'reference_table': 'tb_snapwangi_300', 'is_self_matching': True}",MATCH,0.999825060367584,2025-07-24 03:33:26.265787+00:00,Self Match
7623572,3b8deb2f-18fa-4bdb-9315-1c3d933e3109,tb_snapwangi_300,tb_snapwangi_300,COMBINED,"{'id_1': 5769, 'id_2': 5766, 'batch_id': '3b8deb2f-18fa-4bdb-9315-1c3d933e3109', 'ambiguous': 0, 'predicted': 1, 'combined_1': 'toko qonaah jl. batubara no.47, purwantoro, kec. blimbing, kota malang, jawa timur 65122', 'combined_2': 'toko suhadi jl. batubara no.39, purwantoro, kec. blimbing, kota malang, jawa timur 65122', 'confidence': 0.9998250603675842, 'faiss_score': 0.7803840041160583, 'fuzzy_score': 91, 'source_table': 'tb_snapwangi_300', 'fuzzy_combined': 91, 'reference_table': 'tb_snapwangi_300', 'is_self_matching': True}",MATCH,0.999825060367584,2025-07-24 03:33:26.250084+00:00,Self Match
7623540,3b8deb2f-18fa-4bdb-9315-1c3d933e3109,tb_snapwangi_300,tb_snapwangi_300,COMBINED,"{'id_1': 5435, 'id_2': 5449, 'batch_id': '3b8deb2f-18fa-4bdb-9315-1c3d933e3109', 'ambiguous': 0, 'predicted': 1, 'combined_1': 'warung ""bu susiana"" jl. bandulan bar. no.347, bandulan, kec. sukun, kota malang, jawa timur 65146', 'combined_2': 'warung bu ika jl. bandulan baru no.36, bandulan, kec. sukun, kota malang, jawa timur 65146', 'confidence': 0.9998250603675842, 'faiss_score': 0.8675439953804016, 'fuzzy_score': 91, 'source_table': 'tb_snapwangi_300', 'fuzzy_combined': 91, 'reference_table': 'tb_snapwangi_300', 'is_self_matching': True}",MATCH,0.999825060367584,2025-07-24 03:33:26.177629+00:00,Self Match
7623521,3b8deb2f-18fa-4bdb-9315-1c3d933e3109,tb_snapwangi_300,tb_snapwangi_300,COMBINED,"{'id_1': 5179, 'id_2': 5180, 'batch_id': '3b8deb2f-18fa-4bdb-9315-1c3d933e3109', 'ambiguous': 0, 'predicted': 1, 'combined_1': 'warung qta express jl. ambarawa no.17 b, sumbersari, kec. lowokwaru, kota malang, jawa timur 65145', 'combined_2': 'warung sari jl. ambarawa no.17, sumbersari, kec. lowokwaru, kota malang, jawa timur 65145', 'confidence': 0.9998250603675842, 'faiss_score': 0.8517190217971802, 'fuzzy_score': 91, 'source_table': 'tb_snapwangi_300', 'fuzzy_combined': 91, 'reference_table': 'tb_snapwangi_300', 'is_self_matching': True}",MATCH,0.999825060367584,2025-07-24 03:33:26.146102+00:00,Self Match
7623482,3b8deb2f-18fa-4bdb-9315-1c3d933e3109,tb_snapwangi_300,tb_snapwangi_300,COMBINED,"{'id_1': 2854, 'id_2': 8300, 'batch_id': '3b8deb2f-18fa-4bdb-9315-1c3d933e3109', 'ambiguous': 0, 'predicted': 1, 'combined_1': 'toko isa  jl. ikan tombro, tunjungsekar, kec. lowokwaru, kota malang, jawa timur 65142', 'combined_2': 'toko arka jl. ikan tombro no.07, tunjungsekar, kec. lowokwaru, kota malang, jawa timur 65124', 'confidence': 0.9998250603675842, 'faiss_score': 0.7754960060119629, 'fuzzy_score': 91, 'source_table': 'tb_snapwangi_300', 'fuzzy_combined': 91, 'reference_table': 'tb_snapwangi_300', 'is_self_matching': True}",MATCH,0.999825060367584,2025-07-24 03:33:26.064534+00:00,Self Match
7623429,3b8deb2f-18fa-4bdb-9315-1c3d933e3109,tb_snapwangi_300,tb_snapwangi_300,COMBINED,"{'id_1': 2959, 'id_2': 2961, 'batch_id': '3b8deb2f-18fa-4bdb-9315-1c3d933e3109', 'ambiguous': 0, 'predicted': 1, 'combined_1': 'toko b nur  jl. batubara, pandanwangi, kec. blimbing, kota malang, jawa timur 65126', 'combined_2': 'toko bu asiyah  jl. batubara, pandanwangi, kec. blimbing, kota malang, jawa timur 65126', 'confidence': 0.9998250603675842, 'faiss_score': 0.8635900020599365, 'fuzzy_score': 91, 'source_table': 'tb_snapwangi_300', 'fuzzy_combined': 91, 'reference_table': 'tb_snapwangi_300', 'is_self_matching': True}",MATCH,0.999825060367584,2025-07-24 03:33:25.956721+00:00,Self Match
7623424,3b8deb2f-18fa-4bdb-9315-1c3d933e3109,tb_snapwangi_300,tb_snapwangi_300,COMBINED,"{'id_1': 3089, 'id_2': 2897, 'batch_id': '3b8deb2f-18fa-4bdb-9315-1c3d933e3109', 'ambiguous': 0, 'predicted': 1, 'combined_1': 'toko top topi  jl. bhakti, balearjosari, kec. blimbing, kota malang, jawa timur 65126', 'combined_2': 'toko adil  jl. bhakti, balearjosari, kec. blimbing, kota malang, jawa timur 65126', 'confidence': 0.9998250603675842, 'faiss_score': 0.8031250238418579, 'fuzzy_score': 91, 'source_table': 'tb_snapwangi_300', 'fuzzy_combined': 91, 'reference_table': 'tb_snapwangi_300', 'is_self_matching': True}",MATCH,0.999825060367584,2025-07-24 03:33:25.941199+00:00,Self Match
7623408,3b8deb2f-18fa-4bdb-9315-1c3d933e3109,tb_snapwangi_300,tb_snapwangi_300,COMBINED,"{'id_1': 2892, 'id_2': 2810, 'batch_id': '3b8deb2f-18fa-4bdb-9315-1c3d933e3109', 'ambiguous': 0, 'predicted': 1, 'combined_1': 'warkop joni  tunjungsekar, kec. lowokwaru, kota malang, jawa timur 65142', 'combined_2': 'warkop datri  tunjungsekar, kec. lowokwaru, kota malang, jawa timur 65142', 'confidence': 0.9998250603675842, 'faiss_score': 0.8583679795265198, 'fuzzy_score': 92, 'source_table': 'tb_snapwangi_300', 'fuzzy_combined': 92, 'reference_table': 'tb_snapwangi_300', 'is_self_matching': True}",MATCH,0.999825060367584,2025-07-24 03:33:25.915221+00:00,Self Match
7623406,3b8deb2f-18fa-4bdb-9315-1c3d933e3109,tb_snapwangi_300,tb_snapwangi_300,COMBINED,"{'id_1': 2773, 'id_2': 2776, 'batch_id': '3b8deb2f-18fa-4bdb-9315-1c3d933e3109', 'ambiguous': 0, 'predicted': 1, 'combined_1': 'toko h.s  jl. ikan piranha atas, tunjungsekar, kec. lowokwaru, kota malang, jawa timur 65142', 'combined_2': 'toko pak muhajir  jl. ikan piranha atas, tunjungsekar, kec. lowokwaru, kota malang, jawa timur 65142', 'confidence': 0.9998250603675842, 'faiss_score': 0.8656039834022522, 'fuzzy_score': 91, 'source_table': 'tb_snapwangi_300', 'fuzzy_combined': 91, 'reference_table': 'tb_snapwangi_300', 'is_self_matching': True}",MATCH,0.999825060367584,2025-07-24 03:33:25.909358+00:00,Self Match
7623399,3b8deb2f-18fa-4bdb-9315-1c3d933e3109,tb_snapwangi_300,tb_snapwangi_300,COMBINED,"{'id_1': 2743, 'id_2': 2741, 'batch_id': '3b8deb2f-18fa-4bdb-9315-1c3d933e3109', 'ambiguous': 0, 'predicted': 1, 'combined_1': 'warung bu sum  jl. telaga warna, tlogomas, kec. lowokwaru, kota malang, jawa timur 65144', 'combined_2': 'warung bambu borneo  jl. telaga warna, tlogomas, kec. lowokwaru, kota malang, jawa timur 65144', 'confidence': 0.9998250603675842, 'faiss_score': 0.8680620193481445, 'fuzzy_score': 92, 'source_table': 'tb_snapwangi_300', 'fuzzy_combined': 92, 'reference_table': 'tb_snapwangi_300', 'is_self_matching': True}",MATCH,0.999825060367584,2025-07-24 03:33:25.897101+00:00,Self Match
7623397,3b8deb2f-18fa-4bdb-9315-1c3d933e3109,tb_snapwangi_300,tb_snapwangi_300,COMBINED,"{'id_1': 2738, 'id_2': 2740, 'batch_id': '3b8deb2f-18fa-4bdb-9315-1c3d933e3109', 'ambiguous': 0, 'predicted': 1, 'combined_1': 'toko pak pri  jl. telaga warna, tlogomas, kec. lowokwaru, kota malang, jawa timur 65144', 'combined_2': 'toko cahaya  jl. telaga warna, tlogomas, kec. lowokwaru, kota malang, jawa timur 65144', 'confidence': 0.9998250603675842, 'faiss_score': 0.8092290163040161, 'fuzzy_score': 91, 'source_table': 'tb_snapwangi_300', 'fuzzy_combined': 91, 'reference_table': 'tb_snapwangi_300', 'is_self_matching': True}",MATCH,0.999825060367584,2025-07-24 03:33:25.892798+00:00,Self Match
7623374,3b8deb2f-18fa-4bdb-9315-1c3d933e3109,tb_snapwangi_300,tb_snapwangi_300,COMBINED,"{'id_1': 2456, 'id_2': 2454, 'batch_id': '3b8deb2f-18fa-4bdb-9315-1c3d933e3109', 'ambiguous': 0, 'predicted': 1, 'combined_1': 'warung bu sih  jl. mertojoyo blk. m, merjosari, kec. lowokwaru, kota malang, jawa timur 65144', 'combined_2': 'warung bu danu  jl. mertojoyo blk. l, merjosari, kec. lowokwaru, kota malang, jawa timur 65144', 'confidence': 0.9998250603675842, 'faiss_score': 0.9268940091133118, 'fuzzy_score': 92, 'source_table': 'tb_snapwangi_300', 'fuzzy_combined': 92, 'reference_table': 'tb_snapwangi_300', 'is_self_matching': True}",MATCH,0.999825060367584,2025-07-24 03:33:25.832972+00:00,Self Match
7623372,3b8deb2f-18fa-4bdb-9315-1c3d933e3109,tb_snapwangi_300,tb_snapwangi_300,COMBINED,"{'id_1': 2393, 'id_2': 2398, 'batch_id': '3b8deb2f-18fa-4bdb-9315-1c3d933e3109', 'ambiguous': 0, 'predicted': 1, 'combined_1': 'kos 8b senggani  jl. simbar menjangan, jatimulyo, kec. lowokwaru, kota malang, jawa timur 65141', 'combined_2': 'kost 69  jl. simbar menjangan, jatimulyo, kec. lowokwaru, kota malang, jawa timur 65141', 'confidence': 0.9998250603675842, 'faiss_score': 0.8075590133666992, 'fuzzy_score': 92, 'source_table': 'tb_snapwangi_300', 'fuzzy_combined': 92, 'reference_table': 'tb_snapwangi_300', 'is_self_matching': True}",MATCH,0.999825060367584,2025-07-24 03:33:25.827876+00:00,Self Match
7623343,3b8deb2f-18fa-4bdb-9315-1c3d933e3109,tb_snapwangi_300,tb_snapwangi_300,COMBINED,"{'id_1': 2184, 'id_2': 2162, 'batch_id': '3b8deb2f-18fa-4bdb-9315-1c3d933e3109', 'ambiguous': 0, 'predicted': 1, 'combined_1': 'kontrakan pupung  merjosari, kec. lowokwaru, kota malang, jawa timur 65144', 'combined_2': 'kontrakan elvi  merjosari, kec. lowokwaru, kota malang, jawa timur 65144', 'confidence': 0.9998250603675842, 'faiss_score': 0.8661140203475952, 'fuzzy_score': 91, 'source_table': 'tb_snapwangi_300', 'fuzzy_combined': 91, 'reference_table': 'tb_snapwangi_300', 'is_self_matching': True}",MATCH,0.999825060367584,2025-07-24 03:33:25.769269+00:00,Self Match
7623314,3b8deb2f-18fa-4bdb-9315-1c3d933e3109,tb_snapwangi_300,tb_snapwangi_300,COMBINED,"{'id_1': 2045, 'id_2': 1939, 'batch_id': '3b8deb2f-18fa-4bdb-9315-1c3d933e3109', 'ambiguous': 0, 'predicted': 1, 'combined_1': 'warung rujak bu ani  gg. xi, sawojajar, kec. kedungkandang, kota malang, jawa timur 65139', 'combined_2': 'warung rujak bu heny  sawojajar, kec. kedungkandang, kota malang, jawa timur 65139', 'confidence': 0.9998250603675842, 'faiss_score': 0.8545989990234375, 'fuzzy_score': 92, 'source_table': 'tb_snapwangi_300', 'fuzzy_combined': 92, 'reference_table': 'tb_snapwangi_300', 'is_self_matching': True}",MATCH,0.999825060367584,2025-07-24 03:33:25.703562+00:00,Self Match
7623313,3b8deb2f-18fa-4bdb-9315-1c3d933e3109,tb_snapwangi_300,tb_snapwangi_300,COMBINED,"{'id_1': 1927, 'id_2': 1928, 'batch_id': '3b8deb2f-18fa-4bdb-9315-1c3d933e3109', 'ambiguous': 0, 'predicted': 1, 'combined_1': 'selvia laundry  cemorokandang, kec. kedungkandang, kota malang, jawa timur 65138', 'combined_2': 'laundry sepatu  cemorokandang, kec. kedungkandang, kota malang, jawa timur', 'confidence': 0.9998250603675842, 'faiss_score': 0.8686689734458923, 'fuzzy_score': 92, 'source_table': 'tb_snapwangi_300', 'fuzzy_combined': 92, 'reference_table': 'tb_snapwangi_300', 'is_self_matching': True}",MATCH,0.999825060367584,2025-07-24 03:33:25.700935+00:00,Self Match
7623312,3b8deb2f-18fa-4bdb-9315-1c3d933e3109,tb_snapwangi_300,tb_snapwangi_300,COMBINED,"{'id_1': 3464, 'id_2': 1928, 'batch_id': '3b8deb2f-18fa-4bdb-9315-1c3d933e3109', 'ambiguous': 0, 'predicted': 1, 'combined_1': 'rara laundry cemorokandang, kec. kedungkandang, kota malang, jawa timur', 'combined_2': 'laundry sepatu  cemorokandang, kec. kedungkandang, kota malang, jawa timur', 'confidence': 0.9998250603675842, 'faiss_score': 0.8750600218772888, 'fuzzy_score': 94, 'source_table': 'tb_snapwangi_300', 'fuzzy_combined': 94, 'reference_table': 'tb_snapwangi_300', 'is_self_matching': True}",MATCH,0.999825060367584,2025-07-24 03:33:25.698753+00:00,Self Match
7623289,3b8deb2f-18fa-4bdb-9315-1c3d933e3109,tb_snapwangi_300,tb_snapwangi_300,COMBINED,"{'id_1': 2068, 'id_2': 1875, 'batch_id': '3b8deb2f-18fa-4bdb-9315-1c3d933e3109', 'ambiguous': 0, 'predicted': 1, 'combined_1': 'kost ipank  madyopuro, kec. kedungkandang, kota malang, jawa timur 65139', 'combined_2': 'kost putri dewana  madyopuro, kec. kedungkandang, kota malang, jawa timur 65139', 'confidence': 0.9998250603675842, 'faiss_score': 0.7876790165901184, 'fuzzy_score': 91, 'source_table': 'tb_snapwangi_300', 'fuzzy_combined': 91, 'reference_table': 'tb_snapwangi_300', 'is_self_matching': True}",MATCH,0.999825060367584,2025-07-24 03:33:25.650584+00:00,Self Match
7623275,3b8deb2f-18fa-4bdb-9315-1c3d933e3109,tb_snapwangi_300,tb_snapwangi_300,COMBINED,"{'id_1': 1864, 'id_2': 1827, 'batch_id': '3b8deb2f-18fa-4bdb-9315-1c3d933e3109', 'ambiguous': 0, 'predicted': 1, 'combined_1': 'toko bu dewi  lesanpuro, kec. kedungkandang, kota malang, jawa timur 65138', 'combined_2': 'toko bunga jaya  lesanpuro, kec. kedungkandang, kota malang, jawa timur 65138', 'confidence': 0.9998250603675842, 'faiss_score': 0.74515300989151, 'fuzzy_score': 92, 'source_table': 'tb_snapwangi_300', 'fuzzy_combined': 92, 'reference_table': 'tb_snapwangi_300', 'is_self_matching': True}",MATCH,0.999825060367584,2025-07-24 03:33:25.628747+00:00,Self Match
7623261,3b8deb2f-18fa-4bdb-9315-1c3d933e3109,tb_snapwangi_300,tb_snapwangi_300,COMBINED,"{'id_1': 1759, 'id_2': 1722, 'batch_id': '3b8deb2f-18fa-4bdb-9315-1c3d933e3109', 'ambiguous': 0, 'predicted': 1, 'combined_1': 'salon ani  lesanpuro, kec. kedungkandang, kota malang, jawa timur 65138', 'combined_2': 'mas all sablon  lesanpuro, kec. kedungkandang, kota malang, jawa timur 65138', 'confidence': 0.9998250603675842, 'faiss_score': 0.7856860160827637, 'fuzzy_score': 93, 'source_table': 'tb_snapwangi_300', 'fuzzy_combined': 93, 'reference_table': 'tb_snapwangi_300', 'is_self_matching': True}",MATCH,0.999825060367584,2025-07-24 03:33:25.602305+00:00,Self Match
7623200,3b8deb2f-18fa-4bdb-9315-1c3d933e3109,tb_snapwangi_300,tb_snapwangi_300,COMBINED,"{'id_1': 1374, 'id_2': 1312, 'batch_id': '3b8deb2f-18fa-4bdb-9315-1c3d933e3109', 'ambiguous': 0, 'predicted': 1, 'combined_1': 'toko umi  jl. sebuku, bunulrejo, kec. blimbing, kota malang, jawa timur 65123', 'combined_2': 'toko ponidi  jl. sebuku, bunulrejo, kec. blimbing, kota malang, jawa timur 65123', 'confidence': 0.9998250603675842, 'faiss_score': 0.8393160104751587, 'fuzzy_score': 92, 'source_table': 'tb_snapwangi_300', 'fuzzy_combined': 92, 'reference_table': 'tb_snapwangi_300', 'is_self_matching': True}",MATCH,0.999825060367584,2025-07-24 03:33:25.485076+00:00,Self Match
7623195,3b8deb2f-18fa-4bdb-9315-1c3d933e3109,tb_snapwangi_300,tb_snapwangi_300,COMBINED,"{'id_1': 891, 'id_2': 1086, 'batch_id': '3b8deb2f-18fa-4bdb-9315-1c3d933e3109', 'ambiguous': 0, 'predicted': 1, 'combined_1': 'bakso akrom  kauman, kec. klojen, kota malang, jawa timur 65119', 'combined_2': 'bakso bakar zainul  kauman, kec. klojen, kota malang, jawa timur 65119', 'confidence': 0.9998250603675842, 'faiss_score': 0.8186569809913635, 'fuzzy_score': 91, 'source_table': 'tb_snapwangi_300', 'fuzzy_combined': 91, 'reference_table': 'tb_snapwangi_300', 'is_self_matching': True}",MATCH,0.999825060367584,2025-07-24 03:33:25.477163+00:00,Self Match
7623188,3b8deb2f-18fa-4bdb-9315-1c3d933e3109,tb_snapwangi_300,tb_snapwangi_300,COMBINED,"{'id_1': 923, 'id_2': 940, 'batch_id': '3b8deb2f-18fa-4bdb-9315-1c3d933e3109', 'ambiguous': 0, 'predicted': 1, 'combined_1': 'toko bu ika  jl. bandulan bar., bandulan, kec. sukun, kota malang, jawa timur 65146', 'combined_2': 'toko bu fatkur  jl. bandulan 6, bandulan, kec. sukun, kota malang, jawa timur 65146', 'confidence': 0.9998250603675842, 'faiss_score': 0.891385018825531, 'fuzzy_score': 91, 'source_table': 'tb_snapwangi_300', 'fuzzy_combined': 91, 'reference_table': 'tb_snapwangi_300', 'is_self_matching': True}",MATCH,0.999825060367584,2025-07-24 03:33:25.463779+00:00,Self Match
7623166,3b8deb2f-18fa-4bdb-9315-1c3d933e3109,tb_snapwangi_300,tb_snapwangi_300,COMBINED,"{'id_1': 931, 'id_2': 840, 'batch_id': '3b8deb2f-18fa-4bdb-9315-1c3d933e3109', 'ambiguous': 0, 'predicted': 1, 'combined_1': 'toko bu eta  jl. bandulan bar., bandulan, kec. sukun, kota malang, jawa timur 65146', 'combined_2': 'toko bu ispra  jl. bandulan ix, bandulan, kec. sukun, kota malang, jawa timur 65146', 'confidence': 0.9998250603675842, 'faiss_score': 0.904528021812439, 'fuzzy_score': 91, 'source_table': 'tb_snapwangi_300', 'fuzzy_combined': 91, 'reference_table': 'tb_snapwangi_300', 'is_self_matching': True}",MATCH,0.999825060367584,2025-07-24 03:33:25.424950+00:00,Self Match
7623151,3b8deb2f-18fa-4bdb-9315-1c3d933e3109,tb_snapwangi_300,tb_snapwangi_300,COMBINED,"{'id_1': 480, 'id_2': 639, 'batch_id': '3b8deb2f-18fa-4bdb-9315-1c3d933e3109', 'ambiguous': 0, 'predicted': 1, 'combined_1': 'toko tata  jl. muharto, kotalama, kec. kedungkandang, kota malang, jawa timur 65136', 'combined_2': 'toko anlin  jl. muharto 5b, kotalama, kec. kedungkandang, kota malang, jawa timur 65136', 'confidence': 0.9998250603675842, 'faiss_score': 0.8257730007171631, 'fuzzy_score': 91, 'source_table': 'tb_snapwangi_300', 'fuzzy_combined': 91, 'reference_table': 'tb_snapwangi_300', 'is_self_matching': True}",MATCH,0.999825060367584,2025-07-24 03:33:25.397977+00:00,Self Match
7623112,3b8deb2f-18fa-4bdb-9315-1c3d933e3109,tb_snapwangi_300,tb_snapwangi_300,COMBINED,"{'id_1': 480, 'id_2': 489, 'batch_id': '3b8deb2f-18fa-4bdb-9315-1c3d933e3109', 'ambiguous': 0, 'predicted': 1, 'combined_1': 'toko tata  jl. muharto, kotalama, kec. kedungkandang, kota malang, jawa timur 65136', 'combined_2': 'toko dua putri  jl. muharto, kotalama, kec. kedungkandang, kota malang, jawa timur 65136', 'confidence': 0.9998250603675842, 'faiss_score': 0.7942429780960083, 'fuzzy_score': 93, 'source_table': 'tb_snapwangi_300', 'fuzzy_combined': 93, 'reference_table': 'tb_snapwangi_300', 'is_self_matching': True}",MATCH,0.999825060367584,2025-07-24 03:33:25.327194+00:00,Self Match
7623094,3b8deb2f-18fa-4bdb-9315-1c3d933e3109,tb_snapwangi_300,tb_snapwangi_300,COMBINED,"{'id_1': 547, 'id_2': 473, 'batch_id': '3b8deb2f-18fa-4bdb-9315-1c3d933e3109', 'ambiguous': 0, 'predicted': 1, 'combined_1': 'toko bu karjo  kotalama, kec. kedungkandang, kota malang, jawa timur 65136', 'combined_2': 'toko ibu sini  kotalama, kec. kedungkandang, kota malang, jawa timur 65136', 'confidence': 0.9998250603675842, 'faiss_score': 0.7763720154762268, 'fuzzy_score': 91, 'source_table': 'tb_snapwangi_300', 'fuzzy_combined': 91, 'reference_table': 'tb_snapwangi_300', 'is_self_matching': True}",MATCH,0.999825060367584,2025-07-24 03:33:25.299997+00:00,Self Match
7623044,3b8deb2f-18fa-4bdb-9315-1c3d933e3109,tb_snapwangi_300,tb_snapwangi_300,COMBINED,"{'id_1': 1264, 'id_2': 263, 'batch_id': '3b8deb2f-18fa-4bdb-9315-1c3d933e3109', 'ambiguous': 0, 'predicted': 1, 'combined_1': 'kontrakan gopek  karangbesuki, kec. sukun, kota malang, jawa timur 65146', 'combined_2': 'kontrakan fc  karangbesuki, kec. sukun, kota malang, jawa timur 65151', 'confidence': 0.9998250603675842, 'faiss_score': 0.7761629819869995, 'fuzzy_score': 92, 'source_table': 'tb_snapwangi_300', 'fuzzy_combined': 92, 'reference_table': 'tb_snapwangi_300', 'is_self_matching': True}",MATCH,0.999825060367584,2025-07-24 03:33:25.222174+00:00,Self Match
7623028,3b8deb2f-18fa-4bdb-9315-1c3d933e3109,tb_snapwangi_300,tb_snapwangi_300,COMBINED,"{'id_1': 122, 'id_2': 139, 'batch_id': '3b8deb2f-18fa-4bdb-9315-1c3d933e3109', 'ambiguous': 0, 'predicted': 1, 'combined_1': 'toko santai  jl. budi utomo, mulyorejo, kec. sukun, kota malang, jawa timur 65147', 'combined_2': 'toko rumani  jl. budi utomo, mulyorejo, kec. sukun, kota malang, jawa timur 65147', 'confidence': 0.9998250603675842, 'faiss_score': 0.7945020198822021, 'fuzzy_score': 96, 'source_table': 'tb_snapwangi_300', 'fuzzy_combined': 96, 'reference_table': 'tb_snapwangi_300', 'is_self_matching': True}",MATCH,0.999825060367584,2025-07-24 03:33:25.195102+00:00,Self Match
